{"coef": [[0.40095045578732985, -0.20300149819830995]], "intercept": [1.450867636178408], "test_output_header": ["y_pred", -1.0, 1.0], "test_output": [[1.0, 0.09559427420809052, 0.9044057257919095], [1.0, 0.1563451732651726, 0.8436548267348274], [1.0, 0.16889328767169742, 0.8311067123283026], [1.0, 0.41124353130672164, 0.5887564686932784], [1.0, 0.08429247522184169, 0.9157075247781583], [1.0, 0.096711801651987, 0.903288198348013], [1.0, 0.13791295616453902, 0.862087043835461], [1.0, 0.13031556601000394, 0.8696844339899961], [1.0, 0.37739325760684006, 0.6226067423931599], [1.0, 0.2095341364501888, 0.7904658635498112], [1.0, 0.13321976356127385, 0.8667802364387261], [1.0, 0.11128333989923145, 0.8887166601007686], [1.0, 0.0819639447144126, 0.9180360552855874], [1.0, 0.15019503900553532, 0.8498049609944647], [1.0, 0.36643165544308276, 0.6335683445569172], [1.0, 0.09154308612625994, 0.9084569138737401], [1.0, 0.11627033632390538, 0.8837296636760946], [1.0, 0.07438818573449113, 0.9256118142655089], [1.0, 0.12761787762467047, 0.8723821223753295], [1.0, 0.4164811208210325, 0.5835188791789675], [1.0, 0.04349214914400745, 0.9565078508559925], [1.0, 0.4231216076929911, 0.5768783923070089], [1.0, 0.37922651373819516, 0.6207734862618048], [1.0, 0.2408135919333253, 0.7591864080666747], [1.0, 0.20527111488342442, 0.7947288851165756], [1.0, 0.29805521011398894, 0.7019447898860111], [1.0, 0.31263406284270634, 0.6873659371572937], [1.0, 0.14041127253570584, 0.8595887274642942], [1.0, 0.3389635320257527, 0.6610364679742473], [1.0, 0.1375047518442568, 0.8624952481557432], [1.0, 0.09121968204073405, 0.908780317959266], [-1.0, 0.5977067467415711, 0.40229325325842885], [1.0, 0.11481422369944827, 0.8851857763005517], [1.0, 0.11838771085912336, 0.8816122891408766], [1.0, 0.24004800286338757, 0.7599519971366124], [1.0, 0.08565356354540754, 0.9143464364545925], [1.0, 0.12436560463202506, 0.8756343953679749], [1.0, 0.1336510174099661, 0.8663489825900339], [1.0, 0.18265394583588468, 0.8173460541641153], [1.0, 0.49294055757005073, 0.5070594424299493], [1.0, 0.21076669835976214, 0.7892333016402379], [1.0, 0.09667276177621842, 0.9033272382237816], [1.0, 0.16865950149139686, 0.8313404985086031], [1.0, 0.04717091902073445, 0.9528290809792656], [1.0, 0.48626163427433866, 0.5137383657256613], [1.0, 0.09108039419251746, 0.9089196058074825], [1.0, 0.37610285316071546, 0.6238971468392845], [1.0, 0.05337620861865344, 0.9466237913813466], [1.0, 0.13496463590543883, 0.8650353640945612], [1.0, 0.07738177552735537, 0.9226182244726446], [1.0, 0.05130842538035163, 0.9486915746196484], [1.0, 0.4041420920610389, 0.5958579079389611], [1.0, 0.10059972499968062, 0.8994002750003194], [1.0, 0.14276244825824047, 0.8572375517417595], [1.0, 0.1512824275396082, 0.8487175724603918], [1.0, 0.11052495995366263, 0.8894750400463374], [1.0, 0.28709114369262434, 0.7129088563073757], [1.0, 0.08171445930459653, 0.9182855406954035], [1.0, 0.14198067268751646, 0.8580193273124835], [1.0, 0.321824338799388, 0.678175661200612], [1.0, 0.08607076345185938, 0.9139292365481406], [1.0, 0.20915745673129882, 0.7908425432687012], [1.0, 0.0628598939868219, 0.9371401060131781], [1.0, 0.06568142264288812, 0.9343185773571119], [1.0, 0.21494294186971785, 0.7850570581302821], [1.0, 0.061387165025198254, 0.9386128349748017], [1.0, 0.23528644885048056, 0.7647135511495194], [1.0, 0.22574081598598328, 0.7742591840140167], [1.0, 0.4555940009694254, 0.5444059990305746], [1.0, 0.1557096782461077, 0.8442903217538923], [1.0, 0.26430852092565393, 0.7356914790743461], [1.0, 0.296251688844533, 0.703748311155467], [1.0, 0.1802711060212454, 0.8197288939787546], [1.0, 0.11221725479850708, 0.8877827452014929], [1.0, 0.05072428206306656, 0.9492757179369334], [1.0, 0.12822931804870574, 0.8717706819512943], [1.0, 0.11553619057163256, 0.8844638094283674], [1.0, 0.13162098064171956, 0.8683790193582804], [1.0, 0.13330719825441162, 0.8666928017455884], [1.0, 0.25097879842925963, 0.7490212015707404], [1.0, 0.08558031362204366, 0.9144196863779563], [1.0, 0.07875573886955489, 0.9212442611304451], [1.0, 0.37460746073159956, 0.6253925392684004], [1.0, 0.07062400592778484, 0.9293759940722152], [1.0, 0.05449172867624463, 0.9455082713237554], [1.0, 0.06254469383651484, 0.9374553061634852], [1.0, 0.039307402430374005, 0.960692597569626], [1.0, 0.17581407017138118, 0.8241859298286188], [1.0, 0.2514537030460514, 0.7485462969539486], [1.0, 0.47264531762384276, 0.5273546823761572], [1.0, 0.05199672073732542, 0.9480032792626746], [1.0, 0.20888551402592748, 0.7911144859740725], [1.0, 0.04791466107891629, 0.9520853389210837], [1.0, 0.23606528753342326, 0.7639347124665767], [1.0, 0.10149029995346726, 0.8985097000465327], [1.0, 0.11635892846073059, 0.8836410715392694], [1.0, 0.43076691957260127, 0.5692330804273987], [1.0, 0.28442603327065474, 0.7155739667293453], [-1.0, 0.5330204144420674, 0.46697958555793256], [1.0, 0.20529588854677483, 0.7947041114532252], [1.0, 0.24936079680104695, 0.750639203198953], [1.0, 0.24819129045707733, 0.7518087095429227], [1.0, 0.06808119838386661, 0.9319188016161334], [1.0, 0.38018390507827116, 0.6198160949217288], [1.0, 0.15766167707342715, 0.8423383229265728], [1.0, 0.037881192617391646, 0.9621188073826084], [1.0, 0.46531361483528744, 0.5346863851647126], [1.0, 0.24623284602127815, 0.7537671539787218], [1.0, 0.044921422383022214, 0.9550785776169778], [1.0, 0.18639808018678172, 0.8136019198132183], [1.0, 0.14905097352340302, 0.850949026476597], [1.0, 0.24223292671380903, 0.757767073286191], [1.0, 0.3684684831676963, 0.6315315168323037], [1.0, 0.17460501468045964, 0.8253949853195404], [1.0, 0.04023580654676007, 0.9597641934532399], [1.0, 0.27369684667034755, 0.7263031533296525], [1.0, 0.15146755973920223, 0.8485324402607978], [1.0, 0.1467658290154702, 0.8532341709845298], [1.0, 0.2316807441739991, 0.7683192558260009], [1.0, 0.12579662405397862, 0.8742033759460214], [1.0, 0.09666061823724403, 0.903339381762756], [1.0, 0.17856551521747466, 0.8214344847825253], [1.0, 0.1484881696775815, 0.8515118303224185], [1.0, 0.28976659202984656, 0.7102334079701534], [1.0, 0.21521862859337837, 0.7847813714066216], [1.0, 0.07650730037012032, 0.9234926996298797], [1.0, 0.3416624626663589, 0.6583375373336411], [-1.0, 0.583533588420525, 0.41646641157947495], [1.0, 0.3630331880962765, 0.6369668119037235], [1.0, 0.28585726330650085, 0.7141427366934991], [1.0, 0.2515169805490074, 0.7484830194509926], [1.0, 0.04728975704863214, 0.9527102429513679], [1.0, 0.0785003784016497, 0.9214996215983503], [1.0, 0.12365532034331028, 0.8763446796566897], [1.0, 0.17528266613232202, 0.824717333867678], [1.0, 0.2841237775596055, 0.7158762224403945], [1.0, 0.3392794624650143, 0.6607205375349857], [1.0, 0.14355357535834967, 0.8564464246416503], [1.0, 0.14651735804038113, 0.8534826419596189], [1.0, 0.20472185604537985, 0.7952781439546202], [1.0, 0.3027480782505173, 0.6972519217494827], [1.0, 0.48170716560807714, 0.5182928343919229], [1.0, 0.3112971083700178, 0.6887028916299822], [1.0, 0.08643786674692999, 0.91356213325307], [1.0, 0.24849815685016552, 0.7515018431498345], [1.0, 0.17861137620483936, 0.8213886237951606], [1.0, 0.4447561689927034, 0.5552438310072966], [1.0, 0.2708480000815324, 0.7291519999184676], [1.0, 0.31331477405832675, 0.6866852259416732], [1.0, 0.29606413669717313, 0.7039358633028269], [1.0, 0.1597051437031356, 0.8402948562968644], [1.0, 0.06628867808790007, 0.9337113219120999], [1.0, 0.22751969937775818, 0.7724803006222418], [1.0, 0.1721671214250895, 0.8278328785749105], [1.0, 0.23966540254599378, 0.7603345974540062], [1.0, 0.3734251122030722, 0.6265748877969278], [1.0, 0.177936516175198, 0.822063483824802], [1.0, 0.10331692687036165, 0.8966830731296384], [1.0, 0.22999459876953332, 0.7700054012304667], [1.0, 0.23935971916764276, 0.7606402808323572], [1.0, 0.28893646619917324, 0.7110635338008268], [1.0, 0.0990721860925895, 0.9009278139074105], [1.0, 0.46986723312440226, 0.5301327668755977], [1.0, 0.3009338701007216, 0.6990661298992784], [1.0, 0.1051546529740347, 