{"coef": [[2.168513351805673, 0.005177962816780354]], "intercept": [8.919427756817225], "test_output_header": ["y_pred", -1.0, 1.0], "test_output": [[1.0, 9.179216077237484e-07, 0.9999990820783923], [1.0, 0.001715691436806277, 0.9982843085631937], [1.0, 0.030854564836917953, 0.969145435163082], [1.0, 0.01172988871220526, 0.9882701112877947], [1.0, 6.342284633142903e-05, 0.9999365771536686], [1.0, 0.049797297802318896, 0.9502027021976811], [1.0, 0.0001143735310110694, 0.9998856264689889], [1.0, 0.0030051208697225995, 0.9969948791302774], [1.0, 9.233872615532768e-06, 0.9999907661273845], [1.0, 8.77263970944231e-06, 0.9999912273602906], [1.0, 4.21819444107463e-05, 0.9999578180555893], [1.0, 0.0002427524561645633, 0.9997572475438354], [1.0, 0.033473396676616085, 0.9665266033233839], [1.0, 0.00011403973312085203, 0.9998859602668791], [1.0, 3.880720294557882e-06, 0.9999961192797054], [1.0, 1.7314999340989345e-06, 0.9999982685000659], [1.0, 0.005972999914547916, 0.9940270000854521], [1.0, 6.813761052137934e-05, 0.9999318623894786], [1.0, 0.0035692867843135634, 0.9964307132156864], [1.0, 3.5978008638970493e-07, 0.9999996402199136], [1.0, 0.0001372896400052559, 0.9998627103599947], [1.0, 0.0661706151759136, 0.9338293848240864], [1.0, 0.0026013811490475103, 0.9973986188509525], [1.0, 7.44050138926644e-05, 0.9999255949861073], [1.0, 3.098472728835233e-06, 0.9999969015272712], [1.0, 8.264865528628818e-07, 0.9999991735134471], [1.0, 0.00047305842705946954, 0.9995269415729405], [1.0, 1.0162108319278218e-06, 0.9999989837891681], [1.0, 0.011242682099670609, 0.9887573179003294], [1.0, 0.008834201202956304, 0.9911657987970437], [1.0, 0.00026966614656176446, 0.9997303338534382], [1.0, 1.4894681599209036e-07, 0.999999851053184], [1.0, 0.004350099992311174, 0.9956499000076888], [1.0, 1.8532245127378388e-07, 0.9999998146775487], [1.0, 3.550216947978413e-06, 0.999996449783052], [1.0, 2.9362659457965457e-05, 0.999970637340542], [1.0, 0.015666367554244887, 0.9843336324457551], [1.0, 0.0003885932167233541, 0.9996114067832766], [1.0, 0.07852546581469344, 0.9214745341853066], [1.0, 0.0038108885465771847, 0.9961891114534228], [1.0, 0.00806469301107915, 0.9919353069889209], [1.0, 0.00011718092244739076, 0.9998828190775526], [1.0, 0.013715620682841156, 0.9862843793171588], [1.0, 3.153987992998708e-07, 0.9999996846012007], [1.0, 1.096790176791096e-05, 0.9999890320982321], [1.0, 0.001386469637477794, 0.9986135303625222], [1.0, 0.00014422320143969714, 0.9998557767985603], [1.0, 1.231315987715309e-05, 0.9999876868401228], [1.0, 3.119749272029182e-06, 0.999996880250728], [1.0, 1.04676061138953e-05, 0.9999895323938861], [1.0, 0.00040876051218952103, 0.9995912394878105], [1.0, 0.005219847468382555, 0.9947801525316174], [1.0, 6.929104364727934e-07, 0.9999993070895635], [1.0, 0.032832199678710206, 0.9671678003212898], [1.0, 7.631896365989377e-07, 0.9999992368103634], [1.0, 4.284673371657277e-07, 0.9999995715326628], [1.0, 2.3041983299165736e-07, 0.999999769580167], [1.0, 0.00037501519752658474, 0.9996249848024734], [1.0, 0.005380761018919267, 0.9946192389810807], [1.0, 0.004293706420695709, 0.9957062935793043], [1.0, 7.035727173088091e-07, 0.9999992964272827], [1.0, 0.001000357895356907, 0.9989996421046431], [1.0, 1.0630655377097398e-06, 0.9999989369344623], [1.0, 1.8070039931039616e-07, 0.9999998192996007], [1.0, 3.0700280426732007e-06, 0.9999969299719573], [1.0, 7.765371845658287e-06, 0.9999922346281543], [1.0, 6.649722202878294e-07, 0.9999993350277797], [1.0, 0.000757953067375472, 0.9992420469326245], [1.0, 5.516225075541392e-05, 0.9999448377492446], [1.0, 0.0012040726180414518, 0.9987959273819585], [1.0, 0.002735008091333424, 0.9972649919086666], [1.0, 1.8799454871709642e-06, 0.9999981200545128], [1.0, 0.0032437707003850624, 0.9967562292996149], [1.0, 1.0160694668970294e-06, 0.9999989839305331], [1.0, 0.05426256020455389, 0.9457374397954461], [1.0, 0.0006340693348859672, 0.999365930665114], [1.0, 0.0018226347249329367, 0.9981773652750671], [1.0, 0.000512008447889456, 0.9994879915521105], [1.0, 2.396151332129115e-06, 0.9999976038486679], [1.0, 1.434496036512023e-06, 0.9999985655039635], [1.0, 0.0008339925171155782, 0.9991660074828844], [1.0, 5.01039943645587e-07, 0.9999994989600564], [1.0, 0.0007812811305476508, 0.9992187188694523], [1.0, 0.0007441840742139494, 0.999255815925786], [1.0, 4.433063939823789e-06, 0.9999955669360602], [1.0, 9.234524845913583e-07, 0.9999990765475154], [1.0, 0.026713315134620053, 0.97328668486538], [1.0, 2.9948019353298605e-07, 0.9999997005198065], [1.0, 0.0006130220874002168, 0.9993869779125998], [1.0, 0.015486721898126499, 0.9845132781018735], [1.0, 4.419458974780355e-06, 0.9999955805410252], [1.0, 0.0004581204056566257, 0.9995418795943434], [1.0, 0.012934772759970237, 0.9870652272400298], [1.0, 3.187346054867035e-07, 0.9999996812653945], [1.0, 8.978710287488312e-07, 0.9999991021289713], [1.0, 0.016109332311838642, 0.9838906676881614], [1.0, 1.623620419888283e-06, 0.9999983763795801], [1.0, 0.003055738776855943, 0.9969442612231441], [1.0, 6.800186177491341e-07, 0.9999993199813823], [1.0, 2.671902943451876e-06, 0.9999973280970565], [1.0, 3.3543991430073916e-06, 0.999996645600857], [1.0, 5.951520757552231e-06, 0.9999940484792424], [1.0, 5.797496692716564e-07, 0.9999994202503307], [1.0, 8.198649961521642e-05, 0.9999180135003848], [1.0, 0.0010584506006553474, 0.9989415493993447], [1.0, 0.021595424532939167, 0.9784045754670608], [1.0, 0.0006953026440938981, 0.9993046973559061], [1.0, 0.00012071780340761062, 0.9998792821965924], [1.0, 8.595942830647019e-06, 0.9999914040571694], [1.0, 3.433683693554457e-05, 0.9999656631630645], [1.0, 1.7314218969666229e-07, 0.9999998268578103], [1.0, 7.961814553536506e-06, 0.9999920381854465], [1.0, 0.011552277340253991, 0.988447722659746], [1.0, 0.014433829421660938, 0.9855661705783391], [1.0, 5.014730682928459e-07, 0.9999994985269317], [1.0, 0.00027205913664329895, 0.9997279408633567], [1.0, 0.00032087348181975006, 0.9996791265181802], [1.0, 3.093778359053445e-06, 0.999996906221641], [1.0, 4.893988395648918e-06, 0.9999951060116044], [1.0, 0.04164861162131861, 0.9583513883786814], [1.0, 1.1179309261644121e-06, 0.9999988820690738], [1.0, 0.0018111187069456136, 0.9981888812930544], [1.0, 9.627205942774886e-06, 0.9999903727940572], [1.0, 0.002001081809525407, 0.9979989181904746], [1.0, 0.0003846577559640796, 0.9996153422440359], [1.0, 0.0017938797479715163, 0.9982061202520285], [1.0, 9.857255911516205e-06, 0.9999901427440885], [1.0, 3.7153387288935136e-07, 0.9999996284661271], [1.0, 0.00022987131131824157, 0.9997701286886818], [1.0, 8.736896519778714e-05, 0.9999126310348022], [1.0, 0.0068033831913344445, 0.9931966168086656], [1.0, 0.008320471314221756, 0.9916795286857782], [1.0, 4.134942766409466e-05, 0.9999586505723359], [1.0, 8.060816467314602e-06, 0.9999919391835327], [1.0, 1.8253243608601366e-05, 0.9999817467563914], [1.0, 0.005587568640574969, 0.994412431359425], [1.0, 1.3051953884346545e-06, 0.9999986948046116], [1.0, 1.8571639637254833e-07, 0.9999998142836036], [1.0, 7.716310878036481e-07, 0.9999992283689122], [1.0, 0.00021997969950116047, 0.9997800203004988], [1.0, 0.003977228935892918, 0.9960227710641071], [1.0, 0.022611734281024032, 0.977388265718976], [1.0, 0.05303221265799618, 0.9469677873420038], [1.0, 0.0440658165457567, 0.9559341834542433], [1.0, 6.437286866334269e-06, 0.9999935627131337], [1.0, 0.009589748885312166, 0.9904102511146878], [1.0, 0.00035813588210453773, 0.9996418641178955], [1.0, 0.001609021362769525, 0.9983909786372305], [1.0, 0.052246942915393335, 0.9477530570846067], [1.0, 0.007865041129487382, 0.9921349588705126], [1.0, 4.405658308725968e-06, 0.9999955943416913], [1.0, 0.006991412546533238, 0.9930085874534668], [1.0, 0.0015198735955357368, 0.9984801264044643], [1.0, 2.781991120803795e-07, 0.9999997218008879], [1.0, 0.004743183569868026, 0.995256816430132], [1.0, 0.03716749419318677, 0.9628325058068132], [1.0, 0.004231255014832014, 0.995768744985168], [1.0, 0.015521152604941468, 0.9844788473950585], 