{"coef": [[0.38297468910351845, -0.22768322186119333]], "intercept": [1.4934212271892027], "test_output_header": ["y_pred", -1.0, 1.0], "test_output": [[1.0, 0.2999619752839624, 0.7000380247160376], [1.0, 0.45796345157377183, 0.5420365484262282], [1.0, 0.08938971254192107, 0.9106102874580789], [1.0, 0.34541249957930176, 0.6545875004206982], [1.0, 0.2946713915759558, 0.7053286084240442], [1.0, 0.04962835855550951, 0.9503716414444905], [1.0, 0.07981859173361505, 0.920181408266385], [1.0, 0.46001997790824245, 0.5399800220917575], [1.0, 0.082298545073763, 0.917701454926237], [1.0, 0.42845302241039274, 0.5715469775896073], [1.0, 0.10014076724846133, 0.8998592327515387], [1.0, 0.12862247912983638, 0.8713775208701636], [1.0, 0.3199361089931011, 0.6800638910068989], [1.0, 0.2583891647892863, 0.7416108352107137], [1.0, 0.1543798017199104, 0.8456201982800896], [1.0, 0.1714939011835579, 0.8285060988164421], [1.0, 0.3154019895461935, 0.6845980104538065], [1.0, 0.47788837826112995, 0.52211162173887], [1.0, 0.28929990256004845, 0.7107000974399516], [1.0, 0.30364418405655014, 0.6963558159434499], [1.0, 0.2507404828919715, 0.7492595171080285], [1.0, 0.3333076291033912, 0.6666923708966088], [1.0, 0.20979480465058054, 0.7902051953494195], [1.0, 0.13395301243925928, 0.8660469875607407], [1.0, 0.09610913223225992, 0.9038908677677401], [1.0, 0.3203929382068965, 0.6796070617931035], [1.0, 0.34295269780044346, 0.6570473021995565], [1.0, 0.07869465740353809, 0.9213053425964619], [1.0, 0.31651670488522443, 0.6834832951147756], [1.0, 0.21618919989901741, 0.7838108001009826], [1.0, 0.3052179223948539, 0.6947820776051461], [1.0, 0.43413757505122086, 0.5658624249487791], [1.0, 0.08230111053184341, 0.9176988894681566], [1.0, 0.3732592787491398, 0.6267407212508602], [1.0, 0.3191409583663485, 0.6808590416336515], [1.0, 0.1666247206653052, 0.8333752793346948], [1.0, 0.06726597225670683, 0.9327340277432932], [1.0, 0.16559719402290263, 0.8344028059770974], [1.0, 0.2752721518399288, 0.7247278481600712], [1.0, 0.39066479041961, 0.60933520958039], [1.0, 0.33083376797857833, 0.6691662320214217], [1.0, 0.11853401699218324, 0.8814659830078168], [1.0, 0.1519592193692637, 0.8480407806307363], [1.0, 0.14605514340004455, 0.8539448565999554], [1.0, 0.3530313360641262, 0.6469686639358738], [1.0, 0.14273784963988734, 0.8572621503601127], [1.0, 0.11754930358314775, 0.8824506964168523], [1.0, 0.44610728077754924, 0.5538927192224508], [1.0, 0.151581029996521, 0.848418970003479], [1.0, 0.23007632099766773, 0.7699236790023323], [1.0, 0.18002834297774484, 0.8199716570222552], [1.0, 0.07081898778977347, 0.9291810122102265], [1.0, 0.09444587935263948, 0.9055541206473605], [1.0, 0.16901174823138765, 0.8309882517686124], [1.0, 0.2412615544124016, 0.7587384455875984], [1.0, 0.26321710467002524, 0.7367828953299748], [1.0, 0.2740842187531537, 0.7259157812468463], [1.0, 0.3871573830963294, 0.6128426169036706], [1.0, 0.12507194188032544, 0.8749280581196746], [1.0, 0.12497058761276214, 0.8750294123872379], [1.0, 0.32166120613584226, 0.6783387938641577], [1.0, 0.0676442841791044, 0.9323557158208956], [1.0, 0.2008809146475985, 0.7991190853524015], [-1.0, 0.521633593426329, 0.478366406573671], [1.0, 0.3300877246072592, 0.6699122753927408], [1.0, 0.43737096716025803, 0.562629032839742], [1.0, 0.16502933141830056, 0.8349706685816994], [1.0, 0.20565270073603148, 0.7943472992639685], [1.0, 0.049835670230309215, 0.9501643297696908], [1.0, 0.4168956430125288, 0.5831043569874712], [1.0, 0.131015064720866, 0.868984935279134], [1.0, 0.22820355331626396, 0.771796446683736], [1.0, 0.16122878984679667, 0.8387712101532033], [1.0, 0.16047458036190532, 0.8395254196380947], [1.0, 0.3197833154735825, 0.6802166845264175], [1.0, 0.14048025004420195, 0.859519749955798], [1.0, 0.048639648802699, 0.951360351197301], [1.0, 0.12134091899681099, 0.878659081003189], [1.0, 0.12377513958875075, 0.8762248604112493], [1.0, 0.13496741518507227, 0.8650325848149277], [1.0, 0.37640897110548976, 0.6235910288945102], [1.0, 0.12096021280308389, 0.8790397871969161], [1.0, 0.17308198856984014, 0.8269180114301599], [1.0, 0.17801847572909335, 0.8219815242709066], [1.0, 0.40667609699590557, 0.5933239030040944], [1.0, 0.19722325531554885, 0.8027767446844511], [1.0, 0.24475437271591183, 0.7552456272840882], [1.0, 0.05922795195386077, 0.9407720480461392], [1.0, 0.31949466304879726, 0.6805053369512027], [1.0, 0.21359251668095958, 0.7864074833190404], [1.0, 0.040587059218415766, 0.9594129407815842], [1.0, 0.3071298826958051, 0.6928701173041949], [1.0, 0.32342637388229634, 0.6765736261177037], [1.0, 0.14767420089616523, 0.8523257991038348], [-1.0, 0.5927893017752566, 0.4072106982247434], [-1.0, 0.5281327352568754, 0.47186726474312457], [1.0, 0.15983095621630228, 0.8401690437836977], [1.0, 0.3390576718234687, 0.6609423281765313], [1.0, 0.33963833695843026, 0.6603616630415697], [1.0, 0.33233477351942675, 0.6676652264805732], [-1.0, 0.5416804234921939, 0.458319576507806], [1.0, 0.20945230187953412, 0.7905476981204659], [1.0, 0.18803498636296845, 0.8119650136370316], [1.0, 0.03922825025577803, 0.960771749744222], [1.0, 0.2372329389899479, 0.7627670610100521], [1.0, 0.052069737921827675, 0.9479302620781723], [1.0, 0.4265305458049322, 0.5734694541950678], [1.0, 0.12269171378381938, 0.8773082862161806], [1.0, 0.2558949951514021, 0.7441050048485979], [1.0, 0.17091385792843872, 0.8290861420715613], [1.0, 0.047173807566639914, 0.9528261924333601], [1.0, 0.45504244193399124, 0.5449575580660088], [1.0, 0.22481436266102806, 0.775185637338972], [1.0, 0.34744480497060404, 0.652555195029396], [1.0, 0.17515641943468863, 0.8248435805653114], [1.0, 0.10564561185723154, 0.8943543881427685], [1.0, 0.2196838305692067, 0.7803161694307933], [1.0, 0.19122736932098805, 0.808772630679012], [1.0, 0.11033748455911696, 0.889662515440883], [1.0, 0.13870228976430476, 0.8612977102356952], [1.0, 0.33164003130549013, 0.6683599686945099], [1.0, 0.3545534613417889, 0.6454465386582111], [1.0, 0.10683943437366095, 0.893160565626339], [1.0, 0.496090684788035, 0.503909315211965], [1.0, 0.08319794476993259, 0.9168020552300674], [1.0, 0.28736270108416595, 0.712637298915834], [1.0, 0.26165739134899946, 0.7383426086510005], [1.0, 0.348069590270364, 0.651930409729636], [1.0, 0.37921108533095915, 0.6207889146690408], [1.0, 0.16622030938236987, 0.8337796906176301], [1.0, 0.04885663033269105, 0.951143369667309], [1.0, 0.11340298667602089, 0.8865970133239791], [-1.0, 0.5400898729361564, 0.4599101270638436], [1.0, 0.12143767466056399, 0.878562325339436], [1.0, 0.41544813610923514, 0.5845518638907649], [1.0, 0.33762258289805225, 0.6623774171019478], [1.0, 0.2720793172800333, 0.7279206827199667], [1.0, 0.3030754790081269, 0.6969245209918731], [1.0, 0.30765280521494354, 0.6923471947850565], [1.0, 0.10536567676923314, 0.8946343232307669], [1.0, 0.04875017094594003, 0.95124982905406], [1.0, 0.2037532002042911, 0.7962467997957089], [1.0, 0.07555359257858718, 0.9244464074214128], [1.0, 0.4409806647028013, 0.5590193352971987], [1.0, 0.24310265692681554, 0.7568973430731845], [1.0, 0.1978364184639677, 0.8021635815360323], [1.0, 0.17489615367042544, 0.8251038463295746], [1.0, 0.07263306567929406, 0.9273669343207059], [1.0, 0.22888230793348907, 0.7711176920665109], [1.0, 0.11051042652544285, 0.8894895734745571], [1.0, 0.36164079328303667, 0.6383592067169633], [1.0, 0.09919149326319732, 0.9008085067368027], [1.0, 0.2765677131463621, 0.7234322868536379], [1.0, 0.25799326929221267, 0.7420067307077873], [1.0, 0.3422323540123876, 0.6577676459876124], [1.0, 0.33428384273620826, 0.6657161572637917], [-1.0, 0.5126222139615831, 0.48737778603841686], [1.0, 0.2324521047540158, 0.7675478952459842], [1.0, 0.08820874867130046, 0.9117912513286995], [1.0, 0.20129307475516223, 0.7987069252448378], [1.0, 0.2090616545141898, 0.7909383454858102], [1.0, 0.32338722074439086, 0.6766127792556091], [1.0, 0.16594675273930448, 0.8340532472606955], [1.0, 0.16910256972604132, 0.8308974302739587], [1.0, 0.426734529453349, 0.573265470546651], [-1.0, 