{"coef": [[0.009869573477718283, 0.04663961926210785]], "intercept": [-1.3814740238951666], "test_output_header": ["y_pred", -1.0, 1.0], "test_output": [[-1.0, 0.7999109756678264, 0.20008902433217357], [-1.0, 0.7973251817088991, 0.20267481829110096], [-1.0, 0.7968589496894943, 0.2031410503105057], [-1.0, 0.8031381235519475, 0.19686187644805253], [-1.0, 0.8008882641814272, 0.1991117358185728], [-1.0, 0.7963303148145637, 0.2036696851854362], [-1.0, 0.7933221735337282, 0.20667782646627178], [-1.0, 0.7947560395163951, 0.205243960483605], [-1.0, 0.7999711057949541, 0.20002889420504594], [-1.0, 0.7953747547297757, 0.20462524527022427], [-1.0, 0.800861785017198, 0.19913821498280201], [-1.0, 0.793803010039215, 0.20619698996078492], [-1.0, 0.8023188624033741, 0.19768113759662592], [-1.0, 0.7934171589145831, 0.20658284108541689], [-1.0, 0.7955001460661455, 0.20449985393385445], [-1.0, 0.7972457345066597, 0.20275426549334027], [-1.0, 0.7965142939570367, 0.20348570604296332], [-1.0, 0.7978371993007705, 0.2021628006992295], [-1.0, 0.7993602603072474, 0.20063973969275267], [-1.0, 0.802259345783163, 0.197740654216837], [-1.0, 0.8010848557230185, 0.19891514427698154], [-1.0, 0.8007371860499783, 0.1992628139500217], [-1.0, 0.7935741059093943, 0.20642589409060577], [-1.0, 0.7957441713917334, 0.20425582860826666], [-1.0, 0.7972354214389273, 0.2027645785610727], [-1.0, 0.8041911142408775, 0.1958088857591225], [-1.0, 0.7954124222825788, 0.20458757771742123], [-1.0, 0.8038199148826288, 0.19618008511737117], [-1.0, 0.7920814580428976, 0.20791854195710235], [-1.0, 0.7985809695006056, 0.2014190304993943], [-1.0, 0.8038563922244507, 0.1961436077755493], [-1.0, 0.7967719306246688, 0.20322806937533122], [-1.0, 0.8019195783763129, 0.19808042162368708], [-1.0, 0.8010567705289926, 0.19894322947100737], [-1.0, 0.8022939011299978, 0.1977060988700022], [-1.0, 0.7959547711147746, 0.2040452288852254], [-1.0, 0.8023713460837458, 0.1976286539162542], [-1.0, 0.800665401844569, 0.19933459815543095], [-1.0, 0.7987767163872248, 0.2012232836127752], [-1.0, 0.8035947281304936, 0.1964052718695064], [-1.0, 0.7998739899250186, 0.20012601007498143], [-1.0, 0.8040230045281399, 0.19597699547186007], [-1.0, 0.7933132510722215, 0.20668674892777852], [-1.0, 0.8016401779838143, 0.19835982201618577], [-1.0, 0.8022827022531624, 0.1977172977468376], [-1.0, 0.8005179631663362, 0.1994820368336638], [-1.0, 0.7991490195959177, 0.2008509804040824], [-1.0, 0.8051099997118966, 0.19489000028810344], [-1.0, 0.8060460648289784, 0.19395393517102152], [-1.0, 0.804235658990947, 0.195764341009053], [-1.0, 0.7990890203986385, 0.2009109796013615], [-1.0, 0.7992093047956439, 0.20079069520435605], [-1.0, 0.7993122752707406, 0.20068772472925941], [-1.0, 0.8021903330076428, 0.1978096669923573], [-1.0, 0.7982997207300531, 0.2017002792699469], [-1.0, 0.7954664016172326, 0.20453359838276736], [-1.0, 0.7978514999016185, 0.20214850009838148], [-1.0, 0.7967877397806256, 0.2032122602193745], [-1.0, 0.8019075374341973, 0.19809246256580273], [-1.0, 0.7932489971562448, 0.20675100284375525], [-1.0, 0.799024123000531, 0.200975876999469], [-1.0, 0.8008217170631875, 0.19917828293681253], [-1.0, 0.8013805832197932, 0.19861941678020675], [-1.0, 0.8005235337460206, 0.1994764662539794], [-1.0, 0.7940193505594325, 0.2059806494405675], [-1.0, 0.8037549109090016, 0.19624508909099836], [-1.0, 0.8029043152196135, 0.19709568478038655], [-1.0, 0.79476370318218, 0.20523629681781994], [-1.0, 0.8022174992891966, 0.19778250071080336], [-1.0, 0.800710969365012, 0.19928903063498807], [-1.0, 0.7928408402359592, 0.20715915976404073], [-1.0, 0.8021058322321012, 0.1978941677678988], [-1.0, 0.7965914380995582, 0.2034085619004417], [-1.0, 0.8002261043843726, 0.19977389561562742], [-1.0, 0.7984981892352089, 0.20150181076479112], [-1.0, 0.7999152478506876, 0.2000847521493124], [-1.0, 0.794413695246617, 0.20558630475338308], [-1.0, 0.8063740785625972, 0.1936259214374028], [-1.0, 0.7957900989324451, 0.20420990106755482], [-1.0, 0.7909674898996224, 0.2090325101003776], [-1.0, 0.7919205508922916, 0.2080794491077084], [-1.0, 0.7891384853763312, 0.2108615146236687], [-1.0, 0.7873329516434701, 0.21266704835652997], [-1.0, 0.8125285140470327, 0.18747148595296728], [-1.0, 0.8159442112428921, 0.18405578875710796], [-1.0, 0.7949934522909172, 0.20500654770908272], [-1.0, 0.7918903838710987, 0.20810961612890136], [-1.0, 0.7948493726338768, 0.20515062736612324], [-1.0, 0.8082164394304092, 0.19178356056959076], [-1.0, 0.7919465685583637, 0.20805343144163635], [-1.0, 0.8060216894963582, 0.19397831050364175], [-1.0, 0.789804521161414, 0.21019547883858603], [-1.0, 0.7857469367130991, 0.21425306328690086], [-1.0, 0.8113879613694448, 0.18861203863055517], [-1.0, 0.8073679400324038, 0.19263205996759628], [-1.0, 0.8148810656515426, 0.18511893434845741], [-1.0, 0.8095640910781334, 0.19043590892186657], [-1.0, 0.7863309444490894, 0.21366905555091065], [-1.0, 0.8107178947653281, 0.18928210523467193], [-1.0, 0.7887788901836912, 0.21122110981630876], [-1.0, 0.7898356734375526, 0.21016432656244743], [-1.0, 0.7847341964416996, 0.21526580355830044], [-1.0, 0.8107972899613192, 0.1892027100386809], [-1.0, 0.7914163372763884, 0.20858366272361162], [-1.0, 0.8056820030275601, 0.19431799697243993], [-1.0, 0.8105212937344349, 0.18947870626556507], [-1.0, 0.8071508440410552, 0.19284915595894483], [-1.0, 0.7888781636930859, 0.211121836306914], [-1.0, 0.7936714514503551, 0.20632854854964483], [-1.0, 0.7897108940649317, 0.2102891059350683], [-1.0, 0.8057595055438509, 0.19424049445614916], [-1.0, 0.798246305832331, 0.20175369416766897], [-1.0, 0.8020720459004111, 0.19792795409958885], [-1.0, 0.8085889394174474, 0.19141106058255267], [-1.0, 0.7877576179244121, 0.21224238207558782], [-1.0, 0.8065190272102956, 0.19348097278970447], [-1.0, 0.7984239769065826, 0.20157602309341738], [-1.0, 0.7886746379174697, 0.21132536208253025], [-1.0, 0.7892297774275296, 0.21077022257247033], [-1.0, 0.8080929642611785, 0.1919070357388215], [-1.0, 0.8024054324149591, 0.1975945675850409], [-1.0, 0.7911648819088415, 0.20883511809115854], [-1.0, 0.8037454351236017, 0.1962545648763983], [-1.0, 0.799299466415608, 0.20070053358439202], [-1.0, 0.785572867465431, 0.214427132534569], [-1.0, 0.782546802012511, 0.21745319798748894], [-1.0, 0.7933197054629855, 0.20668029453701459], [-1.0, 0.8096467208235373, 0.1903532791764627], [-1.0, 0.8100849904430315, 0.1899150095569685], [-1.0, 0.7905531616062484, 0.20944683839375156], [-1.0, 0.808801077534912, 0.19119892246508793], [-1.0, 0.785440218303793, 0.214559781696207], [-1.0, 0.7913714077460487, 0.20862859225395128], [-1.0, 0.7901703776479445, 0.20982962235205554], [-1.0, 0.8039397098831594, 0.1960602901168406], [-1.0, 0.7904235377189148, 0.20957646228108515], [-1.0, 0.8096509870551709, 0.19034901294482906], [-1.0, 0.7945561328277776, 0.20544386717222238], [-1.0, 0.7828617287921241, 0.21713827120787588], [-1.0, 0.8026238724806405, 0.19737612751935954], [-1.0, 0.8103695654855951, 0.18963043451440487], [-1.0, 0.8049537276513504, 0.19504627234864955], [-1.0, 0.7903597073145159, 0.20964029268548406], [-1.0, 0.7910967424793245, 0.20890325752067546], [-1.0, 0.8122300516084413, 0.18776994839155875], [-1.0, 0.789311356318031, 0.210688643681969], [-1.0, 0.7899417291603655, 0.21005827083963446], [-1.0, 0.7965514499179636, 0.2034485500820364], [-1.0, 0.8096564392176534, 0.1903435607823466], [-1.0, 0.7965195694835998, 0.20348043051640025], [-1.0, 0.8112982502460335, 0.1887017497539665], [-1.0, 0.8074900677168169, 0.19250993228318314], [-1.0, 0.8030297281654679, 0.19697027183453208], [-1.0, 0.8072780258967092, 0.19272197410329078], [-1.0, 0.8033915842813044, 0.19660841571869558], [-1.0, 0.7844083849482435, 0.21559161505175656], [-1.0, 0.8098877521564324, 0.19011224784356764], [-1.0, 0.802846645436925, 0.19715335456307503], [-1.0, 0.7867492140532637, 0.21325078594673627], [-1.0, 0.7846373945818415, 0.21536260541815852], [-1.0, 0.7881904300951987, 0.2118095699048013], [-1.0, 0.8106610171376947, 