{"coef": [[0.6293494297889484, -0.22973340599282258]], "intercept": [1.7234561348230355], "test_output_header": ["y_pred", -1.0, 1.0], "test_output": [[1.0, 0.05098436712465282, 0.9490156328753472], [1.0, 0.10315847406116141, 0.8968415259388386], [1.0, 0.14756617264619365, 0.8524338273538064], [1.0, 0.4399969794404428, 0.5600030205595572], [1.0, 0.0425093711347454, 0.9574906288652546], [1.0, 0.05732281884764856, 0.9426771811523514], [1.0, 0.10838375343474438, 0.8916162465652556], [1.0, 0.09869533866359192, 0.9013046613364081], [1.0, 0.4509297856635437, 0.5490702143364563], [1.0, 0.14137375506230987, 0.8586262449376901], [1.0, 0.10745581045537289, 0.8925441895446271], [1.0, 0.07016715622634073, 0.9298328437736593], [1.0, 0.04746816869971471, 0.9525318313002853], [1.0, 0.09755342904098396, 0.902446570959016], [1.0, 0.4511846685578498, 0.5488153314421502], [1.0, 0.055642133812331185, 0.9443578661876688], [1.0, 0.08617975081398, 0.91382024918602], [1.0, 0.03620715801491392, 0.9637928419850861], [1.0, 0.06308411498837052, 0.9369158850116295], [1.0, 0.44435201863141205, 0.555647981368588], [1.0, 0.017532395019758784, 0.9824676049802412], [1.0, 0.4582748617973509, 0.5417251382026491], [1.0, 0.43551001245417453, 0.5644899875458255], [1.0, 0.2523053431063127, 0.7476946568936873], [1.0, 0.20500961750108293, 0.7949903824989171], [1.0, 0.2982807995008696, 0.7017192004991304], [1.0, 0.36484195930417784, 0.6351580406958222], [1.0, 0.07343290429810523, 0.9265670957018948], [1.0, 0.38814803805738296, 0.611851961942617], [1.0, 0.07497017191018218, 0.9250298280898178], [1.0, 0.03882291481368849, 0.9611770851863115], [-1.0, 0.7107789834882385, 0.2892210165117615], [1.0, 0.05170203455770794, 0.9482979654422921], [1.0, 0.06194423944223082, 0.9380557605577692], [1.0, 0.1906328739928056, 0.8093671260071944], [1.0, 0.048848710871944645, 0.9511512891280554], [1.0, 0.08686194337748532, 0.9131380566225147], [1.0, 0.07973577848752234, 0.9202642215124777], [1.0, 0.16360546433900058, 0.8363945356609994], [-1.0, 0.607740296530787, 0.39225970346921296], [1.0, 0.18685879459934573, 0.8131412054006543], [1.0, 0.06360611069970401, 0.936393889300296], [1.0, 0.13289398755311865, 0.8671060124468813], [1.0, 0.01898303697012571, 0.9810169630298743], [-1.0, 0.585270565346198, 0.41472943465380196], [1.0, 0.056899133664407686, 0.9431008663355923], [1.0, 0.4605895543618763, 0.5394104456381237], [1.0, 0.022082477942215406, 0.9779175220577846], [1.0, 0.07288072630419107, 0.9271192736958089], [1.0, 0.036463217421165206, 0.9635367825788348], [1.0, 0.02065066097420265, 0.9793493390257973], [1.0, 0.4205458200800197, 0.5794541799199803], [1.0, 0.04725176717358104, 0.952748232826419], [1.0, 0.11421502939791406, 0.8857849706020859], [1.0, 0.08618271046653014, 0.9138172895334699], [1.0, 0.06894057189561154, 0.9310594281043885], [1.0, 0.3510275497097032, 0.6489724502902968], [1.0, 0.04123504540505729, 0.9587649545949427], [1.0, 0.08050581160018833, 0.9194941883998117], [1.0, 0.39302342318143924, 0.6069765768185608], [1.0, 0.05053736878957227, 0.9494626312104277], [1.0, 0.15840816375052535, 0.8415918362494746], [1.0, 0.02700193045516741, 0.9729980695448326], [1.0, 0.029394014399788837, 0.9706059856002112], [1.0, 0.16797860565340506, 0.832021394346595], [1.0, 0.03037282707662614, 0.9696271729233739], [1.0, 0.20822727679407693, 0.7917727232059231], [1.0, 0.24028683561797326, 0.7597131643820267], [-1.0, 0.5088159733674814, 0.4911840266325186], [1.0, 0.11002901334532922, 0.8899709866546708], [1.0, 0.21296908027733263, 0.7870309197226674], [1.0, 0.2538983289060549, 0.7461016710939451], [1.0, 0.13253907209617866, 0.8674609279038213], [1.0, 0.05775240738878584, 0.9422475926112142], [1.0, 0.022295639812546453, 0.9777043601874535], [1.0, 0.09222200959353288, 0.9077779904064671], [1.0, 0.055582219562538726, 0.9444177804374613], [1.0, 0.098794210356148, 0.901205789643852], [1.0, 0.09270758712494331, 0.9072924128750567], [1.0, 0.22280407446207962, 0.7771959255379204], [1.0, 0.04599983153759635, 0.9540001684624037], [1.0, 0.044142403543116604, 0.9558575964568834], [1.0, 0.470358344082326, 0.529641655917674], [1.0, 0.030784453704828296, 0.9692155462951717], [1.0, 0.022390574553809772, 0.9776094254461902], [1.0, 0.025543800758741853, 0.9744561992412581], [1.0, 0.014229181391779977, 0.98577081860822], [1.0, 0.14274298514843853, 0.8572570148515615], [1.0, 0.2829639347216242, 0.7170360652783758], [-1.0, 0.571021781659788, 0.42897821834021194], [1.0, 0.02068427213897428, 0.9793157278610257], [1.0, 0.17905781217696748, 0.8209421878230325], [1.0, 0.01851894245416552, 0.9814810575458345], [1.0, 0.2578296426855292, 0.7421703573144708], [1.0, 0.060886098316132675, 0.9391139016838673], [1.0, 0.07556775133528493, 0.9244322486647151], [1.0, 0.4601626094784883, 0.5398373905215117], [1.0, 0.23982791167964757, 0.7601720883203524], [-1.0, 0.630090428608344, 0.3699095713916561], [1.0, 0.17722251943332878, 0.8227774805666712], [1.0, 0.28805554165112024, 0.7119444583488798], [1.0, 0.18774424081986196, 0.812255759180138], [1.0, 0.03456548812310056, 0.9654345118768994], [1.0, 0.3838942346686358, 0.6161057653313642], [1.0, 0.09226236875717309, 0.9077376312428269], [1.0, 0.013505711344389715, 0.9864942886556103], [-1.0, 0.522815855626205, 0.4771841443737949], [1.0, 0.21065214170965008, 0.7893478582903499], [1.0, 0.016780482589622947, 0.983219517410377], [1.0, 0.1439510796350747, 0.8560489203649253], [1.0, 0.08754361216154083, 0.9124563878384592], [1.0, 0.27373474855222857, 0.7262652514477714], [1.0, 0.3689289409986678, 0.6310710590013322], [1.0, 0.1279768831662097, 0.8720231168337903], [1.0, 0.014891149589069341, 0.9851088504109307], [1.0, 0.32639123107638124, 0.6736087689236188], [1.0, 0.09233565520447329, 0.9076643447955267], [1.0, 0.11869438125443044, 0.8813056187455696], [1.0, 0.20076296058740728, 0.7992370394125927], [1.0, 0.08115360165275343, 0.9188463983472466], [1.0, 0.0592326873675697, 0.9407673126324303], [1.0, 0.14902763517394446, 0.8509723648260555], [1.0, 0.09636814795839932, 0.9036318520416007], [1.0, 0.3184843257385954, 0.6815156742614046], [1.0, 0.18910621956492124, 0.8108937804350788], [1.0, 0.04175193583920578, 0.9582480641607942], [1.0, 0.40039197565477813, 0.5996080243452219], [-1.0, 0.6961768530345798, 0.3038231469654202], [1.0, 0.44594957797350043, 0.5540504220264996], [1.0, 0.2523631126407043, 0.7476368873592957], [1.0, 0.27220955126334756, 0.7277904487366524], [1.0, 0.01961248025700857, 0.9803875197429914], [1.0, 0.038871768439647125, 0.9611282315603529], [1.0, 0.06611853263938405, 0.933881467360616], [1.0, 0.16029355778775478, 0.8397064422122452], [1.0, 0.32099216399537167, 0.6790078360046283], [1.0, 0.31968462387989605, 0.680315376120104], [1.0, 0.11988953737155161, 0.8801104626284484], [1.0, 0.11968884954706538, 0.8803111504529346], [1.0, 0.19938927315458277, 0.8006107268454172], [1.0, 0.3544206234666838, 0.6455793765333162], [-1.0, 0.5772171002310708, 0.42278289976892924], [1.0, 0.31849923479415276, 0.6815007652058472], [1.0, 0.051522122302878226, 0.9484778776971218], [1.0, 0.2102476558757176, 0.7897523441242824], [1.0, 0.12048536562802958, 0.8795146343719704], [1.0, 0.48356277909105927, 0.5164372209089407], [1.0, 0.3058377118120803, 0.6941622881879197], [1.0, 0.34835395893386256, 0.6516460410661374], [1.0, 0.2911119858251495, 0.7088880141748505], [1.0, 0.10829362330666947, 0.8917063766933305], [1.0, 0.03183045696409037, 0.9681695430359096], [1.0, 0.1651567437926884, 0.8348432562073116], [1.0, 0.14077403898352148, 0.8592259610164785], [1.0, 0.21100065087193476, 0.7889993491280652], [1.0, 0.4692453571368944, 0.5307546428631056], [1.0, 0.13412392525096462, 0.8658760747490354], [1.0, 0.06447983754218689, 0.9355201624578131], [1.0, 0.20886068976607441, 0.7911393102339256], [1.0, 0.2395853593294166, 0.7604146406705834], [1.0, 0.25797707164972283, 0.7420229283502772], [1.0, 0.053357429531127654, 0.9466425704688723], [-1.0, 0.5486565447461014, 0.4513434552538987], [1.0, 0.30882410251962633, 0.6911758974803737], [1.0, 