{"coef": [[15.37097376850598, 0.12573021293809147]], "intercept": [51.358160336750274], "test_output_header": ["y_pred", -1.0, 1.0], "test_output": [[1.0, 0.0, 1.0], [1.0, 3.9968028886505635e-15, 0.999999999999996], [1.0, 4.025813597818839e-06, 0.9999959741864022], [1.0, 3.706627893507175e-09, 0.9999999962933721], [1.0, 0.0, 1.0], [1.0, 0.00010431895242102307, 0.999895681047579], [1.0, 0.0, 1.0], [1.0, 2.2581936320875684e-13, 0.9999999999997742], [1.0, 0.0, 1.0], [1.0, 0.0, 1.0], [1.0, 0.0, 1.0], [1.0, 0.0, 1.0], [1.0, 5.4895751794292735e-06, 0.9999945104248206], [1.0, 0.0, 1.0], [1.0, 0.0, 1.0], [1.0, 0.0, 1.0], [1.0, 2.1190826871020363e-11, 0.9999999999788092], [1.0, 0.0, 1.0], [1.0, 5.591083152012288e-13, 0.9999999999994409], [1.0, 0.0, 1.0], [1.0, 0.0, 1.0], [1.0, 0.0011020764404316985, 0.9988979235595683], [1.0, 7.682743330406083e-14, 0.9999999999999232], [1.0, 0.0, 1.0], [1.0, 0.0, 1.0], [1.0, 0.0, 1.0], [1.0, 0.0, 1.0], [1.0, 0.0, 1.0], [1.0, 1.9123937988752004e-09, 0.9999999980876062], [1.0, 3.7642755579270215e-10, 0.9999999996235724], [1.0, 0.0, 1.0], [1.0, 0.0, 1.0], [1.0, 3.391509295624928e-12, 0.9999999999966085], [1.0, 0.0, 1.0], [1.0, 0.0, 1.0], [1.0, 0.0, 1.0], [1.0, 2.2075655303765984e-08, 0.9999999779243447], [1.0, 0.0, 1.0], [1.0, 0.004853061421914995, 0.995146938578085], [1.0, 1.0740297540223764e-12, 0.999999999998926], [1.0, 2.419209277348955e-10, 0.9999999997580791], [1.0, 0.0, 1.0], [1.0, 1.0016752871599977e-08, 0.9999999899832471], [1.0, 0.0, 1.0], [1.0, 0.0, 1.0], [1.0, 8.881784197001252e-16, 0.9999999999999991], [1.0, 0.0, 1.0], [1.0, 0.0, 1.0], [1.0, 0.0, 1.0], [1.0, 0.0, 1.0], [1.0, 0.0, 1.0], [1.0, 8.965717057662914e-12, 0.9999999999910343], [1.0, 0.0, 1.0], [1.0, 6.437411458226627e-06, 0.9999935625885418], [1.0, 0.0, 1.0], [1.0, 0.0, 1.0], [1.0, 0.0, 1.0], [1.0, 0.0, 1.0], [1.0, 1.4764189870675182e-11, 0.9999999999852358], [1.0, 1.858291298617587e-12, 0.9999999999981417], [1.0, 0.0, 1.0], [1.0, 0.0, 1.0], [1.0, 0.0, 1.0], [1.0, 0.0, 1.0], [1.0, 0.0, 1.0], [1.0, 0.0, 1.0], [1.0, 0.0, 1.0], [1.0, 0.0, 1.0], [1.0, 0.0, 1.0], [1.0, 2.220446049250313e-16, 0.9999999999999998], [1.0, 1.1657341758564144e-13, 0.9999999999998834], [1.0, 0.0, 1.0], [1.0, 3.6548541970660153e-13, 0.9999999999996345], [1.0, 0.0, 1.0], [1.0, 0.00020402386744022838, 0.9997959761325598], [1.0, 0.0, 1.0], [1.0, 5.551115123125783e-15, 0.9999999999999944], [1.0, 0.0, 1.0], [1.0, 0.0, 1.0], [1.0, 0.0, 1.0], [1.0, 0.0, 1.0], [1.0, 0.0, 1.0], [1.0, 0.0, 1.0], [1.0, 0.0, 1.0], [1.0, 0.0, 1.0], [1.0, 0.0, 1.0], [1.0, 1.1789869318601376e-06, 0.9999988210130681], [1.0, 0.0, 1.0], [1.0, 0.0, 1.0], [1.0, 2.9274600077400237e-08, 0.9999999707253999], [1.0, 0.0, 1.0], [1.0, 0.0, 1.0], [1.0, 5.967877525492327e-09, 0.9999999940321225], [1.0, 0.0, 1.0], [1.0, 0.0, 1.0], [1.0, 2.665113307820377e-08, 0.9999999733488669], [1.0, 0.0, 1.0], [1.0, 1.8895995879120164e-13, 0.999999999999811], [1.0, 0.0, 1.0], [1.0, 0.0, 1.0], [1.0, 0.0, 1.0], [1.0, 0.0, 1.0], [1.0, 0.0, 1.0], [1.0, 0.0, 1.0], [1.0, 2.220446049250313e-16, 0.9999999999999998], [1.0, 3.031725062108137e-07, 0.9999996968274938], [1.0, 0.0, 1.0], [1.0, 0.0, 1.0], [1.0, 0.0, 1.0], [1.0, 0.0, 1.0], [1.0, 0.0, 1.0], [1.0, 0.0, 1.0], [1.0, 2.4364357198436437e-09, 0.9999999975635643], [1.0, 1.727294740572205e-08, 0.9999999827270526], [1.0, 0.0, 1.0], [1.0, 0.0, 1.0], [1.0, 0.0, 1.0], [1.0, 0.0, 1.0], [1.0, 0.0, 1.0], [1.0, 2.804367627329274e-05, 0.9999719563237267], [1.0, 0.0, 1.0], [1.0, 5.551115123125783e-15, 0.9999999999999944], [1.0, 0.0, 1.0], [1.0, 1.2212453270876722e-14, 0.9999999999999878], [1.0, 0.0, 1.0], [1.0, 5.551115123125783e-15, 0.9999999999999944], [1.0, 0.0, 1.0], [1.0, 0.0, 1.0], [1.0, 0.0, 1.0], [1.0, 0.0, 1.0], [1.0, 6.159717180764801e-11, 0.9999999999384028], [1.0, 3.0714475407478403e-10, 0.9999999996928552], [1.0, 0.0, 1.0], [1.0, 0.0, 1.0], [1.0, 0.0, 1.0], [1.0, 1.2575940289138998e-11, 0.9999999999874241], [1.0, 0.0, 1.0], [1.0, 0.0, 1.0], [1.0, 0.0, 1.0], [1.0, 0.0, 1.0], [1.0, 1.120437076451708e-12, 0.9999999999988796], [1.0, 4.1663533045799284e-07, 0.9999995833646695], [1.0, 0.00016568782687997885, 0.99983431217312], [1.0, 5.628585643491224e-05, 0.9999437141435651], [1.0, 0.0, 1.0], [1.0, 7.431142368119481e-10, 0.9999999992568858], [1.0, 0.0, 1.0], [1.0, 1.9984014443252818e-15, 0.999999999999998], [1.0, 0.00020833782629947617, 0.9997916621737005], [1.0, 2.2573987124019368e-10, 0.9999999997742601], [1.0, 0.0, 1.0], [1.0, 1.0334377797960315e-10, 0.9999999998966562], [1.0, 1.1102230246251565e-15, 0.9999999999999989], [1.0, 0.0, 1.0], [1.0, 5.324407581497326e-12, 0.9999999999946756], [1.0, 1.0929737491505165e-05, 0.9999890702625085], [1.0, 2.360556194958008e-12, 0.9999999999976394], [1.0, 2.575941437932272e-08, 0.9999999742405856], [1.0, 0.0, 1.0], [1.0, 0.0, 1.0], [1.0, 0.000901913453346781, 0.9990980865466532], [1.0, 0.0001294026816520688, 0.9998705973183479], [1.0, 0.0, 1.0], [1.0, 0.0003497028659515955, 0.9996502971340484], [1.0, 1.1028128521495262e-08, 0.9999999889718715], [1.0, 1.4449597363075384e-07, 0.9999998555040264], [1.0, 3.441691376337985e-14, 0.9999999999999656], [1.0, 1.6451062734290645e-11, 0.9999999999835489], [1.0, 1.8187673589409314e-12, 0.9999999999981812], [1.0, 0.0, 1.0], [1.0, 0.005241190649341698, 0.9947588093506583], [1.0, 0.0, 1.0], [1.0, 0.0, 1.0], [1.0, 0.0, 1.0], [1.0, 0.0, 1.0], [1.0, 0.0, 1.0], [1.0, 0.0, 1.0], [1.0, 0.0, 1.0], [1.0, 2.3243635904890425e-09, 0.9999999976756364], [1.0, 2.220446049250313e-16, 0.9999999999999998], [1.0, 9.9253938401489e-14, 0.9999999999999007], [1.0, 0.0, 1.0], [1.0, 1.1034081315308697e-08, 0.9999999889659187], [1.0, 0.0, 1.0], [1.0, 0.0, 1.0], [1.0, 0.0, 1.0], [1.0, 0.0, 1.0], [1.0, 0.0, 1.0], [1.0, 0.0, 1.0], [1.0, 4.4692445300142936e-08, 0.9999999553075547], [1.0, 0.0004793124046396091, 0.9995206875953604], [1.0, 0.0, 1.0], [1.0, 0.0, 1.0], [1.0, 0.0, 1.0], [1.0, 6.0661081685786655e-05, 0.9999393389183142], [1.0, 0.0, 1.0], [1.0, 0.0, 1.0], [1.0, 0.0, 1.0], [1.0, 1.8243242472237853e-09, 0.9999999981756758], [1.0, 2.6645352591003757e-15, 0.9999999999999973]]}