{"coef": [[-0.2674807577328318, 0.19631354990835442]], "intercept": [-0.8355716330230838], "test_output_header": ["y_pred", -1.0, 1.0], "test_output": [[-1.0, 0.7124464908910442, 0.2875535091089559], [-1.0, 0.648641196593591, 0.351358803406409], [-1.0, 0.7216130408519359, 0.27838695914806405], [-1.0, 0.7411287574939374, 0.2588712425060626], [-1.0, 0.721335201152957, 0.2786647988470429], [-1.0, 0.6243882042100739, 0.37561179578992604], [-1.0, 0.6463433792497209, 0.3536566207502791], [-1.0, 0.6510470932212236, 0.34895290677877644], [-1.0, 0.6794673168861178, 0.3205326831138821], [-1.0, 0.6709924449425833, 0.32900755505741675], [-1.0, 0.6423278612628556, 0.3576721387371444], [-1.0, 0.6300891684900773, 0.3699108315099226], [-1.0, 0.6902624729182187, 0.30973752708178126], [-1.0, 0.6615455353529843, 0.3384544646470157], [-1.0, 0.6267960773717386, 0.3732039226282614], [-1.0, 0.7236427262615507, 0.2763572737384493], [-1.0, 0.7114187631712672, 0.28858123682873277], [-1.0, 0.7345291949389917, 0.2654708050610083], [-1.0, 0.6499880652290757, 0.35001193477092435], [-1.0, 0.6660031720605442, 0.3339968279394558], [-1.0, 0.711432621643538, 0.288567378356462], [-1.0, 0.6683412857477964, 0.33165871425220356], [-1.0, 0.6331076366567987, 0.36689236334320124], [-1.0, 0.6637465970294822, 0.3362534029705178], [-1.0, 0.6682751654542733, 0.3317248345457266], [-1.0, 0.6858289152566173, 0.3141710847433828], [-1.0, 0.709587956345274, 0.29041204365472595], [-1.0, 0.7254864979264781, 0.2745135020735218], [-1.0, 0.6470789126496359, 0.35292108735036404], [-1.0, 0.7221384583361141, 0.27786154166388594], [-1.0, 0.6656410092829956, 0.3343589907170044], [-1.0, 0.6290264029844577, 0.3709735970155424], [-1.0, 0.7474928606301456, 0.2525071393698543], [-1.0, 0.6908608192417943, 0.3091391807582057], [-1.0, 0.6558413030854431, 0.34415869691455686], [-1.0, 0.632144488977616, 0.36785551102238395], [-1.0, 0.6913909711758128, 0.3086090288241871], [-1.0, 0.7537400409852689, 0.24625995901473105], [-1.0, 0.6711031622320853, 0.3288968377679147], [-1.0, 0.6840538888337214, 0.3159461111662786], [-1.0, 0.7295272877765033, 0.2704727122234966], [-1.0, 0.7215104239959765, 0.27848957600402346], [-1.0, 0.7126997515691491, 0.28730024843085095], [-1.0, 0.7429949911117204, 0.25700500888827965], [-1.0, 0.7314680299569225, 0.26853197004307744], [-1.0, 0.7461437504919282, 0.2538562495080718], [-1.0, 0.7033967928390172, 0.29660320716098276], [-1.0, 0.6951846323130724, 0.30481536768692763], [-1.0, 0.7194624934621826, 0.2805375065378174], [-1.0, 0.7314404275710398, 0.2685595724289602], [-1.0, 0.7087758092937992, 0.2912241907062007], [-1.0, 0.7323806723736666, 0.2676193276263334], [-1.0, 0.6480060951407056, 0.3519939048592944], [-1.0, 0.7263418304071236, 0.2736581695928763], [-1.0, 0.7052836291916662, 0.29471637080833385], [-1.0, 0.6730452712337851, 0.32695472876621484], [-1.0, 0.6951208964800033, 0.30487910351999675], [-1.0, 0.7261932859625055, 0.2738067140374944], [-1.0, 0.7169073439105245, 0.28309265608947554], [-1.0, 0.6466309491699623, 0.35336905083003767], [-1.0, 0.7348829861097956, 0.2651170138902044], [-1.0, 0.733013358569332, 0.26698664143066797], [-1.0, 0.7214880245265347, 0.27851197547346535], [-1.0, 0.6840286755070808, 0.3159713244929192], [-1.0, 0.6272873360530296, 0.37271266394697045], [-1.0, 0.7421376764529437, 0.2578623235470563], [-1.0, 0.695194702257224, 0.3048052977427759], [-1.0, 0.6463541695507471, 0.35364583044925296], [-1.0, 0.759318048577412, 0.240681951422588], [-1.0, 0.6941518959064352, 0.30584810409356483], [-1.0, 0.7015179432613372, 0.2984820567386628], [-1.0, 0.6816804029648285, 0.31831959703517154], [-1.0, 0.6815785942459007, 0.3184214057540992], [-1.0, 0.6961322893135514, 0.3038677106864486], [-1.0, 0.6965765472871401, 0.3034234527128598], [-1.0, 0.6341946245774923, 0.36580537542250763], [-1.0, 0.6439262498481244, 0.35607375015187565], [-1.0, 0.7172070343738022, 0.2827929656261978], [-1.0, 0.727185057401519, 0.27281494259848105], [-1.0, 0.5522834045105629, 0.44771659548943704], [-1.0, 0.733039819713623, 0.2669601802863771], [-1.0, 0.5087170309920817, 0.4912829690079183], [-1.0, 0.5072005780743171, 0.49279942192568293], [-1.0, 0.7524990892958958, 0.24750091070410415], [-1.0, 0.6648814672195349, 0.3351185327804651], [-1.0, 0.5792842407585855, 0.42071575924141447], [-1.0, 0.7756850989916377, 0.22431490100836227], [-1.0, 0.7747242757764677, 0.2252757242235323], [-1.0, 0.8403200808899093, 0.15967991911009075], [-1.0, 0.5449828893048583, 0.45501711069514167], [-1.0, 0.5998610803261641, 0.4001389196738359], [1.0, 0.4980321002184901, 0.5019678997815099], [-1.0, 0.7456017086104505, 0.2543982913895495], [-1.0, 0.7490111550794085, 0.25098884492059154], [-1.0, 0.7246649122432369, 0.27533508775676313], [-1.0, 0.7098211847425175, 0.2901788152574825], [-1.0, 0.7456921809271164, 0.25430781907288363], [-1.0, 0.6773011144033669, 0.3226988855966331], [-1.0, 0.7459924053846188, 0.2540075946153813], [-1.0, 0.6141086375784114, 0.3858913624215886], [-1.0, 0.5646304494715477, 0.4353695505284522], [-1.0, 0.7131317469925726, 0.2868682530074274], [-1.0, 0.8441984006956238, 0.15580159930437623], [-1.0, 0.6002662303236281, 0.3997337696763718], [-1.0, 0.8304289636937288, 0.1695710363062713], [-1.0, 0.8345475515914579, 0.16545244840854212], [-1.0, 0.8091741954967261, 0.19082580450327388], [-1.0, 0.7277493660611685, 0.27225063393883153], [-1.0, 0.5329071565122356, 0.4670928434877643], [-1.0, 0.7683238056065568, 0.2316761943934432], [-1.0, 0.6699553009047285, 0.3300446990952715], [-1.0, 0.5800728835439819, 0.4199271164560181], [-1.0, 0.6439825886226538, 0.35601741137734627], [-1.0, 0.7040351719172153, 0.2959648280827847], [-1.0, 0.6897232682426335, 0.3102767317573664], [-1.0, 0.8111362618692508, 0.18886373813074914], [-1.0, 0.6234823331391159, 0.37651766686088406], [-1.0, 0.723291612768262, 0.276708387231738], [-1.0, 0.7272269984693494, 0.2727730015306506], [-1.0, 0.6833833386772742, 0.3166166613227258], [-1.0, 0.7699862116954226, 0.23001378830457742], [-1.0, 0.6962879920108038, 0.3037120079891961], [-1.0, 0.7872661838935945, 0.21273381610640554], [-1.0, 0.7597257891858932, 0.24027421081410685], [-1.0, 0.7504141099286582, 0.2495858900713418], [-1.0, 0.67810803169419, 0.32189196830581], [-1.0, 0.7601496635260145, 0.2398503364739854], [-1.0, 0.7170072720247169, 0.282992727975283], [-1.0, 0.818969243885177, 0.18103075611482294], [-1.0, 0.7672706542470394, 0.23272934575296056], [-1.0, 0.6827285547408519, 0.317271445259148], [-1.0, 0.7495957675770908, 0.25040423242290927], [-1.0, 0.6836484074702704, 0.3163515925297296], [-1.0, 0.5016736539681808, 0.4983263460318193], [-1.0, 0.8215169246602189, 0.1784830753397811], [-1.0, 0.5145023075202165, 0.48549769247978347], [-1.0, 0.8447080204956914, 0.15529197950430862], [-1.0, 0.7591420194898421, 0.24085798051015792], [-1.0, 0.7104560906669845, 0.28954390933301555], [-1.0, 0.6031820875670556, 0.3968179124329444], [-1.0, 0.7546360451958345, 0.24536395480416553], [-1.0, 0.7585391267691219, 0.24146087323087803], [-1.0, 0.6762758847843328, 0.32372411521566724], [-1.0, 0.6734046711590317, 0.3265953288409683], [-1.0, 0.8019784820771465, 0.19802151792285352], [-1.0, 0.6094725116418278, 0.3905274883581722], [-1.0, 0.5068512000227398, 0.49314879997726024], [-1.0, 0.5639073903881349, 0.4360926096118652], [-1.0, 0.8483962495097688, 0.1516037504902312], [-1.0, 0.5500318861669401, 0.4499681138330599], [-1.0, 0.8106373753997277, 0.18936262460027234], [-1.0, 0.7057627070724974, 0.2942372929275025], [-1.0, 0.7791967817587423, 0.22080321824125768], [-1.0, 0.802371619489765, 0.19762838051023504], [-1.0, 0.5896681207643986, 0.41033187923560144], [-1.0, 0.696786329287568, 0.303213670712432], [-1.0, 0.8364664597362836, 0.16353354026371641], [-1.0, 0.8166744009235182, 0.18332559907648185], [-1.0, 0.7418221399230064, 0.2581778600769936], [-1.0, 0.7190495342805409, 0.28095046571945914], [-1.0, 0.7245676527298031, 0.27543234727019694], [-1.0, 0.8388789347166911, 0.1611210652833089], [-1.0, 