X,Y,Z,Theta,reachability_pred,reachability_actual,reachability_diff,self_collision_pred,self_collision_actual,self_collision_diff,env_collision_pred,env_collision_actual,env_collision_diff,combined_pred,combined_actual,combined_diff,X_dist,Y_dist,Theta_dist
-1.07071583366977,0.330777253039944,0.6599,1.2140242319114498,0.9999899999999999,1.0,1.0000000000065512e-05,0.6532876542869941,0.7045,0.051212345713005925,0.9861640386960079,1.0,0.013835961303992117,2.639441692983002,2.7045,0.06505830701699811,0.006715833669769911,0.03352274696005603,0.09397576808855024
