X,Y,Z,Theta,reachability_pred,reachability_actual,reachability_diff,self_collision_pred,self_collision_actual,self_collision_diff,env_collision_pred,env_collision_actual,env_collision_diff,combined_pred,combined_actual,combined_diff
-1.15835991518185,-0.33493546910872196,0.6599,-1.57144246583507,0.9999898902888229,0.9861111111111112,0.013878779177711742,0.48802781117672295,0.6035,0.11547218882327709,0.99838112030425,1.0,0.0016188796957500307,2.4863988217698,2.589611111111111,0.10321228934131099
