X,Y,Z,Theta,reachability_pred,reachability_actual,reachability_diff,self_collision_pred,self_collision_actual,self_collision_diff,env_collision_pred,env_collision_actual,env_collision_diff,combined_pred,combined_actual,combined_diff
-1.16789227459634,-0.334117352852533,0.6599,-1.5657462765749197,0.9999899999999999,0.9537037037037037,0.046286296296296214,0.445965363414681,0.609,0.16303463658531897,0.9990069444444449,1.0,0.0009930555555550669,2.44496230785913,2.5627037037037037,0.11774139584457366
