X,Y,Z,Theta,reachability_pred,reachability_actual,reachability_diff,self_collision_pred,self_collision_actual,self_collision_diff,env_collision_pred,env_collision_actual,env_collision_diff,combined_pred,combined_actual,combined_diff,X_dist,Y_dist,Theta_dist
-1.04948959572884,0.221234283730364,0.6599,0.9748526689051701,0.9999899985809241,1.0,1.0001419075922335e-05,0.5536423064516309,0.622,0.06835769354836907,0.9999899999999999,1.0,1.0000000000065512e-05,2.553622305032555,2.622,0.06837769496744484,0.05784373760449002,0.2097323829363031,0.41314733109483004
