X,Y,Z,Theta,reachability_pred,reachability_actual,reachability_diff,self_collision_pred,self_collision_actual,self_collision_diff,env_collision_pred,env_collision_actual,env_collision_diff,combined_pred,combined_actual,combined_diff,X_dist,Y_dist,Theta_dist
-1.0640464797181,0.33650464911781697,0.6599,1.23099169047634,0.9999899999999999,1.0,1.0000000000065512e-05,0.644404487916429,0.7335,0.08909551208357103,0.9999899999999999,1.0,1.0000000000065512e-05,2.6443844879164287,2.7335000000000003,0.0891155120835716,0.04722624755463012,0.10415898724581901,0.14700830952366006
