X,Y,Z,Theta,reachability_pred,reachability_actual,reachability_diff,self_collision_pred,self_collision_actual,self_collision_diff,env_collision_pred,env_collision_actual,env_collision_diff,combined_pred,combined_actual,combined_diff,L2_difference
-1.09900000226136,0.25930001125560104,0.6599,1.2529998425688702,0.9999899999999999,1.0,1.0000000000065512e-05,0.44900009056614704,0.4255,0.023500090566147047,0.9999899999999999,1.0,1.0000000000065512e-05,2.448980090566147,2.4255,0.023480090566147194,0.1488288867585377
