X,Y,Z,Theta,reachability_pred,reachability_actual,reachability_diff,self_collision_pred,self_collision_actual,self_collision_diff,env_collision_pred,env_collision_actual,env_collision_diff,combined_pred,combined_actual,combined_diff,X_dist,Y_dist,Theta_dist
-1.19264257745589,-0.404260015939346,0.6599,-1.5745932090326002,0.9999899999999999,0.9861111111111112,0.013878888888888774,0.635342038180374,0.654,0.01865796181962598,0.9804533073354829,0.985,0.004546692664517127,2.6157853455158566,2.625111111111111,0.009325765595254332,0.14004257745589,0.027626682606013087,0.12559320903260018
