X,Y,Z,Theta,reachability_pred,reachability_actual,reachability_diff,self_collision_pred,self_collision_actual,self_collision_diff,env_collision_pred,env_collision_actual,env_collision_diff,combined_pred,combined_actual,combined_diff,X_dist,Y_dist,Theta_dist
-1.16524291298804,-0.336298236336624,0.6599,-1.5360538056319901,0.9999899999999999,1.0,1.0000000000065512e-05,0.6252974694209921,0.6315,0.006202530579007881,0.9999899999999999,1.0,1.0000000000065512e-05,2.625277469420992,2.6315,0.006222530579008012,0.10264291298803996,0.027001763663376033,0.08705380563199006
