X,Y,Z,Theta,reachability_pred,reachability_actual,reachability_diff,self_collision_pred,self_collision_actual,self_collision_diff,env_collision_pred,env_collision_actual,env_collision_diff,combined_pred,combined_actual,combined_diff,L2_difference
-1.0601856610018,0.13400662049213302,0.6599,0.945012357793672,0.9999899999999999,0.9722222222222222,0.027767777777777725,0.410667743376114,0.454,0.04333225662388601,0.9999899999999999,1.0,1.0000000000065512e-05,2.410647743376114,2.426222222222222,0.015574478846108075,0.48200741636393607
