X,Y,Z,Theta,reachability_pred,reachability_actual,reachability_diff,self_collision_pred,self_collision_actual,self_collision_diff,env_collision_pred,env_collision_actual,env_collision_diff,combined_pred,combined_actual,combined_diff,L2_difference
-1.06048868424922,0.10508808880148598,0.6599,0.9413090977497159,0.9999899999999999,0.9953703703703703,0.004619629629629585,0.40874955147510705,0.321,0.08774955147510705,0.9999899999999999,1.0,1.0000000000065512e-05,2.408729551475107,2.3163703703703704,0.09235918110473662,0.4979265455158479
