X,Y,Z,Theta,reachability_pred,reachability_actual,reachability_diff,self_collision_pred,self_collision_actual,self_collision_diff,env_collision_pred,env_collision_actual,env_collision_diff,combined_pred,combined_actual,combined_diff,X_dist,Y_dist,Theta_dist
-1.04546347046712,-0.33580606602877805,0.6599,-1.3248711423264399,0.9999899999999999,0.9768518518518519,0.023138148148148074,0.6934721905778061,0.7185,0.02502780942219396,0.9999899999999999,0.9735,0.026489999999999903,2.6934521905778057,2.668851851851852,0.024600338725953907,0.01713652953288003,0.027493933971221962,0.12412885767356019
