X,Y,Z,Theta,reachability_pred,reachability_actual,reachability_diff,self_collision_pred,self_collision_actual,self_collision_diff,env_collision_pred,env_collision_actual,env_collision_diff,combined_pred,combined_actual,combined_diff,X_dist,Y_dist,Theta_dist
-1.1440000000000001,0.3643,0.6599,1.268,0.9722222222222221,0.9722222222222222,1.1102230246251565e-16,0.7170000000000001,0.6535,0.06350000000000011,1.0,1.0,0.0,2.689222222222222,2.625722222222222,0.06349999999999989,0.08000000000000007,0.0,0.040000000000000036
