X,Y,Z,Theta,reachability_pred,reachability_actual,reachability_diff,self_collision_pred,self_collision_actual,self_collision_diff,env_collision_pred,env_collision_actual,env_collision_diff,combined_pred,combined_actual,combined_diff,L2_difference
-1.05760001657133,-0.153299898423881,0.6599,-1.10900030405594,0.9027777585097009,0.8981481481481481,0.004629610361552738,0.469999366025386,0.5355,0.06550063397461398,0.9999899999999999,1.0,1.0000000000065512e-05,2.3727671245350868,2.4336481481481482,0.06088102361306147,0.38340554675470234
