X,Y,Z,Theta,reachability_pred,reachability_actual,reachability_diff,self_collision_pred,self_collision_actual,self_collision_diff,env_collision_pred,env_collision_actual,env_collision_diff,combined_pred,combined_actual,combined_diff,X_dist,Y_dist,Theta_dist
-1.14451386031409,0.44240841778537,0.6599,1.3931920390863202,0.999989994518899,0.9814814814814815,0.018508513037417518,0.7164015510436179,0.726,0.009598448956382066,0.9999899999999999,0.9895,0.010489999999999888,2.716381545562517,2.6969814814814814,0.019400064081035673,0.08051386031409002,0.07810841778536998,0.08519203908632011
