X,Y,Z,Theta,reachability_pred,reachability_actual,reachability_diff,self_collision_pred,self_collision_actual,self_collision_diff,env_collision_pred,env_collision_actual,env_collision_diff,combined_pred,combined_actual,combined_diff,X_dist,Y_dist,Theta_dist
-1.1012946299004198,0.290831928190411,0.6599,1.24801552492685,0.9999899809230479,1.0,1.0019076952083594e-05,0.5554582201853671,0.604,0.048541779814632924,0.9999899999999999,1.0,1.0000000000065512e-05,2.555438201108415,2.604,0.048561798891585184,0.009978097372310257,0.149831708173225,0.12998447507315003
