X,Y,Z,Theta,reachability_pred,reachability_actual,reachability_diff,self_collision_pred,self_collision_actual,self_collision_diff,env_collision_pred,env_collision_actual,env_collision_diff,combined_pred,combined_actual,combined_diff,L2_difference
-1.0825999766949301,-0.303300008704831,0.6599,-1.4089999363721102,0.8796289827709242,0.8564814814814815,0.02314750128944265,0.5760000291915339,0.632,0.05599997080846608,0.9999899999999999,1.0,1.0000000000065512e-05,2.455619011962458,2.4884814814814815,0.032862469519023385,0.06800741602462601
