X,Y,Z,Theta,reachability_pred,reachability_actual,reachability_diff,self_collision_pred,self_collision_actual,self_collision_diff,env_collision_pred,env_collision_actual,env_collision_diff,combined_pred,combined_actual,combined_diff,X_dist,Y_dist,Theta_dist
-1.03185803186353,0.114452763110267,0.6599,0.9629845941131608,0.9999899999999999,1.0,1.0000000000065512e-05,0.49832362944917,0.445,0.05332362944917002,0.961703748599838,1.0,0.03829625140016202,2.4600173780490078,2.4450000000000003,0.01501737804900749,0.03214196813647008,0.249847236889733,0.3450154058868392
