X,Y,Z,Theta,reachability_pred,reachability_actual,reachability_diff,self_collision_pred,self_collision_actual,self_collision_diff,env_collision_pred,env_collision_actual,env_collision_diff,combined_pred,combined_actual,combined_diff,L2_difference
-1.05793894236992,0.0702350309797218,0.6599,0.828,0.9999899999999999,0.9953703703703703,0.004619629629629585,0.358441621137248,0.344,0.014441621137248006,0.9999899999999999,1.0,1.0000000000065512e-05,2.3584216211372477,2.3393703703703705,0.019051250766877192,0.6142312119838801
