X,Y,Z,Theta,reachability_pred,reachability_actual,reachability_diff,self_collision_pred,self_collision_actual,self_collision_diff,env_collision_pred,env_collision_actual,env_collision_diff,combined_pred,combined_actual,combined_diff,X_dist,Y_dist,Theta_dist
-1.05268278073302,-0.336816196971389,0.6599,-1.37558373222897,0.9999899999999999,1.0,1.0000000000065512e-05,0.646468233066153,0.7275,0.08103176693384706,0.9999899999999999,0.9855,0.014489999999999892,2.646448233066153,2.713,0.06655176693384712,0.0026444919942500977,0.006243469698661963,0.03341626777103013
