X,Y,Z,Theta,reachability_pred,reachability_actual,reachability_diff,self_collision_pred,self_collision_actual,self_collision_diff,env_collision_pred,env_collision_actual,env_collision_diff,combined_pred,combined_actual,combined_diff,X_dist,Y_dist,Theta_dist
-1.04496200352635,-0.34156132612511897,0.6599,-1.31040338152836,0.9999899999999999,0.9351851851851852,0.0648048148148147,0.6823791918211821,0.723,0.04062080817881786,0.9921804921511359,0.9645,0.027680492151135883,2.6745496839723177,2.622685185185185,0.05186449878713262,0.010365269200919958,0.010988598852391951,0.09859661847164003
