X,Y,Z,Theta,reachability_pred,reachability_actual,reachability_diff,self_collision_pred,self_collision_actual,self_collision_diff,env_collision_pred,env_collision_actual,env_collision_diff,combined_pred,combined_actual,combined_diff,L2_difference
-1.09760011896249,-0.31829978223654604,0.6599,-1.43900001952374,0.8888886087724592,0.8611111111111112,0.027777497661348072,0.565999485737028,0.67,0.10400051426297208,0.9999899999999999,1.0,1.0000000000065512e-05,2.4548780945094872,2.531111111111111,0.07623301660162385,0.04387460761294914
