X,Y,Z,Theta,reachability_pred,reachability_actual,reachability_diff,self_collision_pred,self_collision_actual,self_collision_diff,env_collision_pred,env_collision_actual,env_collision_diff,combined_pred,combined_actual,combined_diff,X_dist,Y_dist,Theta_dist
-1.07380462842423,0.371104756969517,0.6599,1.21727715155768,0.9999899974547499,0.9675925925925926,0.032397404862157364,0.6671471098784251,0.75,0.08285289012157493,0.9968220167173891,0.994,0.002822016717389131,2.6639591240505642,2.7115925925925923,0.0476334685420281,0.03746809884850011,0.06955887939411898,0.1607228484423202
