X,Y,Z,Theta,reachability_pred,reachability_actual,reachability_diff,self_collision_pred,self_collision_actual,self_collision_diff,env_collision_pred,env_collision_actual,env_collision_diff,combined_pred,combined_actual,combined_diff,L2_difference
-1.1211369761883798,0.307901136047474,0.6599,1.33176912381363,0.9999899999999999,0.9907407407407407,0.009249259259259235,0.45417194978546394,0.526,0.07182805021453609,0.998954802940312,1.0,0.0010451970596879745,2.453116752725776,2.5167407407407407,0.06362398801496472,0.05381469199396728
