X,Y,Z,Theta,reachability_pred,reachability_actual,reachability_diff,self_collision_pred,self_collision_actual,self_collision_diff,env_collision_pred,env_collision_actual,env_collision_diff,combined_pred,combined_actual,combined_diff,L2_difference
-1.0620159911734701,-0.13734666717587,0.6599,-1.13481318711096,0.9999899999999999,1.0,1.0000000000065512e-05,0.397588633590482,0.474,0.07641136640951796,0.9999899999999999,1.0,1.0000000000065512e-05,2.397568633590482,2.474,0.0764313664095182,0.3656771716745055
