X,Y,Z,Theta,reachability_pred,reachability_actual,reachability_diff,self_collision_pred,self_collision_actual,self_collision_diff,env_collision_pred,env_collision_actual,env_collision_diff,combined_pred,combined_actual,combined_diff,X_dist,Y_dist,Theta_dist
-1.05623167649207,-0.373345413108572,0.6599,-1.3676506953530703,0.99998999778138,0.9351851851851852,0.06480481259619475,0.6907302198072041,0.755,0.06426978019279594,0.9905642084850229,0.961,0.029564208485022947,2.681284426073607,2.6511851851851853,0.03009924088842153,0.0009044037648000547,0.04277268583584498,0.04134930464692976
