X,Y,Z,Theta,reachability_pred,reachability_actual,reachability_diff,self_collision_pred,self_collision_actual,self_collision_diff,env_collision_pred,env_collision_actual,env_collision_diff,combined_pred,combined_actual,combined_diff,L2_difference
-1.1447893238176101,-0.31734276614837703,0.6599,-1.5412697820064098,0.9999899999999999,1.0,1.0000000000065512e-05,0.43634406814403004,0.5955,0.15915593185597,0.9999899999999999,1.0,1.0000000000065512e-05,2.43632406814403,2.5955,0.15917593185597,0.08741764403571163
