X,Y,Z,Theta,reachability_pred,reachability_actual,reachability_diff,self_collision_pred,self_collision_actual,self_collision_diff,env_collision_pred,env_collision_actual,env_collision_diff,combined_pred,combined_actual,combined_diff,X_dist,Y_dist,Theta_dist
-1.08169155565173,-0.138957476821432,0.6599,-1.12450935472152,0.9999899999999999,1.0,1.0000000000065512e-05,0.5573025114624449,0.545,0.012302511462444876,0.9779440067440329,1.0,0.022055993255967077,2.5352365182064776,2.545,0.009763481793522377,0.01909155565172993,0.224342523178568,0.32449064527848015
