X,Y,Z,Theta,reachability_pred,reachability_actual,reachability_diff,self_collision_pred,self_collision_actual,self_collision_diff,env_collision_pred,env_collision_actual,env_collision_diff,combined_pred,combined_actual,combined_diff,L2_difference
-1.1144405638419599,-0.302722748914617,0.6599,-1.4604169009715802,0.9999899999999999,0.9722222222222222,0.027767777777777725,0.5071023063333321,0.597,0.08989769366666789,0.9999899999999999,1.0,1.0000000000065512e-05,2.507082306333332,2.5692222222222223,0.06213991588889023,0.01624704790011748
