X,Y,Z,Theta,reachability_pred,reachability_actual,reachability_diff,self_collision_pred,self_collision_actual,self_collision_diff,env_collision_pred,env_collision_actual,env_collision_diff,combined_pred,combined_actual,combined_diff,L2_difference
-1.0589999540744002,0.129299973863896,0.6599,0.9279999201522892,0.981480881324095,0.9768518518518519,0.004629029472243085,0.472999943790242,0.4525,0.020499943790242003,0.9999899999999999,1.0,1.0000000000065512e-05,2.454470825114337,2.4293518518518518,0.025118973262485245,0.499424758105098
