X,Y,Z,Theta,reachability_pred,reachability_actual,reachability_diff,self_collision_pred,self_collision_actual,self_collision_diff,env_collision_pred,env_collision_actual,env_collision_diff,combined_pred,combined_actual,combined_diff,X_dist,Y_dist,Theta_dist
-1.08169155565173,-0.138957476821432,0.6599,-1.12450935472152,0.9999899999999999,1.0,1.0000000000065512e-05,0.5573025114624449,0.553,0.004302511462444869,0.9779440067440329,1.0,0.022055993255967077,2.5352365182064776,2.553,0.017763481793522384,0.02909155565172994,0.23767585651190093,0.32449064527848015
